{"cameraMode":{"drawMode":0,"name":"Shaded","section":"Shading Mode"},"sceneLighting":true,"audioPlay":false,"sceneViewState":{"showFog":true,"showMaterialUpdate":false,"showSkybox":true,"showFlares":true,"showImageEffects":true,"showParticleSystems":true},"in2DMode":false,"pivot":{"x":48.06464767456055,"y":-2.8148088455200197,"z":-26.16569709777832},"rotation":{"x":-0.14769820868968965,"y":-0.7716416120529175,"z":0.19400165975093842,"w":-0.587468147277832},"size":9.103616714477539,"orthographic":false}